CREATE DATABASE RikkeiClinicDB;
USE RikkeiClinicDB;

-- PHẦN 1: KHỞI TẠO CẤU TRÚC BẢNG 

-- 1. Bảng Bệnh nhân (Patients)
CREATE TABLE Patients (
    patient_id INT PRIMARY KEY,
    full_name VARCHAR(100) NOT NULL,
    phone VARCHAR(15) UNIQUE NOT NULL,
    date_of_birth DATE
);

-- 2. Bảng Nhân sự / Bác sĩ (Employees)
CREATE TABLE Employees (
    employee_id INT PRIMARY KEY,
    full_name VARCHAR(100) NOT NULL,
    position VARCHAR(50) NOT NULL,
    salary DECIMAL(18,2) NOT NULL
);

-- 3. Bảng Khoa (Departments)
CREATE TABLE Departments (
    dept_id INT PRIMARY KEY,
    dept_name VARCHAR(100) NOT NULL
);

-- 4. Bảng Giường bệnh (Beds)
CREATE TABLE Beds (
    bed_id INT PRIMARY KEY,
    dept_id INT NOT NULL,
    patient_id INT DEFAULT NULL, -- NULL nghĩa là giường trống
    FOREIGN KEY (dept_id) REFERENCES Departments(dept_id),
    FOREIGN KEY (patient_id) REFERENCES Patients(patient_id)
);

-- 5. Bảng Lịch khám (Appointments)
CREATE TABLE Appointments (
    appointment_id INT PRIMARY KEY,
    patient_id INT NOT NULL,
    doctor_id INT NOT NULL,
    appointment_date DATETIME NOT NULL,
    status VARCHAR(20) NOT NULL DEFAULT 'Pending', -- 'Pending', 'Completed', 'Cancelled'
    FOREIGN KEY (patient_id) REFERENCES Patients(patient_id),
    FOREIGN KEY (doctor_id) REFERENCES Employees(employee_id)
);

-- 6. Bảng Kho Vật tư Y tế (Inventory)
CREATE TABLE Inventory (
    item_id INT PRIMARY KEY,
    item_name VARCHAR(100) NOT NULL,
    stock_quantity INT NOT NULL DEFAULT 0
);

-- 7. Bảng Kho Thuốc (Medicines)
CREATE TABLE Medicines (
    medicine_id INT PRIMARY KEY,
    name VARCHAR(100) NOT NULL,
    price DECIMAL(18,2) NOT NULL,
    stock INT NOT NULL DEFAULT 0
);

-- 8. Bảng Công nợ Bệnh nhân (Patient_Invoices)
CREATE TABLE Patient_Invoices (
    patient_id INT PRIMARY KEY,
    total_due DECIMAL(18,2) NOT NULL DEFAULT 0,
    last_updated DATETIME DEFAULT CURRENT_TIMESTAMP,
    FOREIGN KEY (patient_id) REFERENCES Patients(patient_id)
);

-- 9. Bảng Sản phẩm (Products)
CREATE TABLE Products (
    product_id INT AUTO_INCREMENT PRIMARY KEY,
    name VARCHAR(150) NOT NULL,
    price DECIMAL(18,2) NOT NULL,
    stock INT NOT NULL DEFAULT 0
);

-- 10. Bảng Dịch vụ khám (Services) 
CREATE TABLE Services (
    service_id INT PRIMARY KEY,
    name VARCHAR(100) NOT NULL,
    price DECIMAL(18,2) NOT NULL
);

-- 11. Bảng Ví điện tử (Wallets) 
CREATE TABLE Wallets (
    patient_id INT PRIMARY KEY,
    balance DECIMAL(18,2) NOT NULL DEFAULT 0,
    status VARCHAR(20) NOT NULL DEFAULT 'Active', -- 'Active', 'Inactive'
    FOREIGN KEY (patient_id) REFERENCES Patients(patient_id)
);

-- 12. Bảng Lịch sử sử dụng dịch vụ (Service_Usages) 
CREATE TABLE Service_Usages (
    usage_id INT AUTO_INCREMENT PRIMARY KEY,
    patient_id INT NOT NULL,
    service_id INT NOT NULL,
    actual_price DECIMAL(18,2) DEFAULT 0,
    created_at DATETIME DEFAULT CURRENT_TIMESTAMP,
    FOREIGN KEY (patient_id) REFERENCES Patients(patient_id),
    FOREIGN KEY (service_id) REFERENCES Services(service_id)
);

-- PHẦN 2: CHÈN DỮ LIỆU MẪU (TEST CASES)
-- Chèn Bệnh nhân
INSERT INTO Patients (patient_id, full_name, phone, date_of_birth) VALUES
(1, 'Nguyen Van An', '0901111222', '1990-05-15'),
(2, 'Tran Thi Binh', '0912222333', '1985-08-20'),
(3, 'Le Hoang Cuong', '0923333444', '2000-12-01');

-- Chèn Nhân sự 
INSERT INTO Employees (employee_id, full_name, position, salary) VALUES
(101, 'Dr. Hoang Minh', 'Doctor', 20000.00),
(102, 'Dr. Lan Anh', 'Doctor', 25000.00),
(103, 'Nurse Thu Ha', 'Nurse', 12000.00);

-- Chèn Khoa
INSERT INTO Departments (dept_id, dept_name) VALUES
(1, 'Khoa Ngoai'),
(2, 'Khoa Noi'),
(3, 'Khoa ICU');

-- Chèn Giường bệnh
INSERT INTO Beds (bed_id, dept_id, patient_id) VALUES
(101, 1, 1),    -- Bệnh nhân 1 đang nằm giường 101 Khoa Ngoại
(201, 2, NULL), -- Giường 201 Khoa Nội đang trống
(301, 3, 2);    -- Bệnh nhân 2 đang nằm ICU

-- Chèn Lịch khám 
INSERT INTO Appointments (appointment_id, patient_id, doctor_id, appointment_date, status) VALUES
(104, 1, 101, '2026-06-10 08:30:00', 'Pending'),
(105, 2, 102, '2026-05-01 09:00:00', 'Completed'),
(106, 3, 101, '2026-05-02 10:00:00', 'Cancelled');

-- Chèn Vật tư 
INSERT INTO Inventory (item_id, item_name, stock_quantity) VALUES
(10, 'Khau trang y te N95', 1000),
(11, 'Gang tay vo trung', 500),
(12, 'Dung dich sat khuan', 200);

-- Chèn Thuốc
INSERT INTO Medicines (medicine_id, name, price, stock) VALUES
(1, 'Amoxicillin 500mg', 15000, 100),  -- Tồn kho nhiều
(2, 'Panadol Extra', 5000, 5);         -- Tồn kho ít

-- Chèn Công nợ Bệnh nhân
INSERT INTO Patient_Invoices (patient_id, total_due) VALUES
(1, 1500000.00), -- Đã sửa: Nợ 1.5tr để test bài Giải phóng giường bệnh
(2, 0),
(3, 0);

-- Chèn Sản phẩm E-commerce 
INSERT INTO Products (name, price, stock) VALUES
('May do huyet ap Omron', 850000.00, 20),
('May do duong huyet', 450000.00, 15);

-- Chèn Dịch vụ
INSERT INTO Services (service_id, name, price) VALUES
(1, 'Sieu am o bung', 200000.00),
(2, 'Xet nghiem mau', 150000.00),
(3, 'Chup X-Quang', 250000.00);

-- Chèn Ví điện tử
INSERT INTO Wallets (patient_id, balance, status) VALUES
(1, 500000.00, 'Active'),    -- Test Case 1: Đủ tiền thanh toán
(2, 50000.00, 'Active'),     -- Test Case 3: Cháy ví (Chỉ có 50k, không đủ khám 200k)
(3, 1000000.00, 'Inactive'); -- Test Case 2: Nhiều tiền nhưng thẻ bị khóa

-- Phần A: Phân tích
-- 1. Câu lệnh CALL để tái hiện lỗi hệ thống:
-- Dựa vào dữ liệu mẫu, lịch khám 105 đang ở trạng thái 'Completed'. Nếu gọi thủ tục cũ với ID này, hệ thống vẫn sẽ cho phép hủy.
-- Đoạn mã nguồn hiện tại đang chạy trên Database

DELIMITER //

CREATE PROCEDURE CancelAppointment(IN p_appointment_id INT)
BEGIN

    -- Cập nhật trạng thái lịch khám thành "Đã hủy"
    UPDATE Appointments
    SET status = 'Cancelled'
    WHERE appointment_id = p_appointment_id;

END //

DELIMITER ;

CALL CancelAppointment(105);
-- 2. Giải thích nguyên nhân lỗi:
-- Đoạn mã hiện tại trong ảnh image_47d653.png thực hiện câu lệnh UPDATE mù (blind update), tức là nó ghi đè trực tiếp trạng thái thành 'Cancelled' dựa vào appointment_id mà không có điều kiện kiểm tra (WHERE hoặc IF) xem trạng thái hiện tại của lịch hẹn đó có đúng là 'Pending' hay không. Do đó, các lịch đã hoàn tất (Completed) vẫn bị cập nhật sai.

-- Phần B: Sửa chữa mã nguồn
-- Dưới đây là mã lệnh để xóa thủ tục cũ và tạo lại thủ tục mới. Trong phiên bản mới này, tôi đã bổ sung thêm logic kiểm tra trạng thái trước khi cho phép UPDATE. Nếu trạng thái không phải là 'Pending', hệ thống sẽ từ chối và báo lỗi.


-- 1. Xóa thủ tục cũ đang bị lỗi
DROP PROCEDURE IF EXISTS CancelAppointment;

-- 2. Tạo mới thủ tục với logic đã được sửa chữa
DELIMITER //

CREATE PROCEDURE CancelAppointment(IN p_appointment_id INT)
BEGIN
    DECLARE v_current_status VARCHAR(20);

    -- Lấy trạng thái hiện tại của lịch hẹn
    SELECT status INTO v_current_status 
    FROM Appointments 
    WHERE appointment_id = p_appointment_id;

    -- Kiểm tra xem lịch hẹn có tồn tại và có đang ở trạng thái 'Pending' không
    IF v_current_status = 'Pending' THEN
        -- Thực hiện hủy nếu thỏa mãn điều kiện
        UPDATE Appointments
        SET status = 'Cancelled'
        WHERE appointment_id = p_appointment_id;
        
        SELECT 'Hủy lịch khám thành công.' AS Message;
    ELSEIF v_current_status IS NULL THEN
        -- Xử lý trường hợp không tìm thấy mã lịch khám
        SIGNAL SQLSTATE '45000' 
        SET MESSAGE_TEXT = 'Lỗi: Không tìm thấy lịch khám với ID đã nhập.';
    ELSE
        -- Chặn hành động hủy và báo lỗi nếu trạng thái không phải Pending (ví dụ: Completed)
        SIGNAL SQLSTATE '45000' 
        SET MESSAGE_TEXT = 'Lỗi: Thao tác bị từ chối. Chỉ được phép hủy lịch khám đang ở trạng thái Pending.';
    END IF;
    
END //

DELIMITER ;
-- 💡 Ghi chú thêm: Việc sử dụng SIGNAL SQLSTATE '45000' sẽ chủ động ném ra một Exception từ phía Database, giúp ứng dụng phía Backend (ví dụ: Node.js, Java, C#) 

-- dễ dàng catch được lỗi và hiển thị thông báo chính xác lên màn hình cho tiếp tân thay vì chỉ trả về dữ liệu rỗng.
